FC Barcelona,ESP
Manchester City,ENG
Juventus,ITA
Ajax,NED
Paris Saint-Germain,FRA
Real Madrid,ESP
Sevilla FC,ESP
FC RB Salzburg,AUT
FC Bayern München,GER
Liverpool,ENG
FC Porto,PRT
Borussia Dortmund,GER
Rosenborg BK,NOR
Tottenham Hotspur,ENG
Chelsea,ENG
Napoli,ITA
KRC Genk,BEL
SL Benfica,PRT
RB Leipzig,GER
Atlético Madrid,ESP
Manchester United,ENG
Arsenal,ENG
Celtic,SCO
Olympique Lyonnais,FRA
inter,ITA
Malmö FF,SWE
Sporting CP,PRT
real betis,ESP
Valencia CF,ESP
PAOK,GRC
Milan,ITA
PSV,NED
Roma,ITA
Eintracht Frankfurt,GER
Lazio,ITA
FC København,DNK
Dynamo Kyiv,UKR
Atalanta,ITA
Rangers FC,SCO
Krasnodar FC,RUS
Bayer 04 Leverkusen,GER
AEK Lárnaka,CYP
Molde FK,NOR
FC Schalke 04,GER
FK Dinamo 1927 Minsk,BLR
FK Kayrat Almaty,KAZ
'FK Shakhtar Donets''k',UKR
FC Girondins de Bordeaux,FRA
Stade Rennais FC,FRA
Sarpsborg 08 FF,NOR
SC Braga,PRT
PFC Ludogorets Razgrad,BGR
Beşiktaş JK İstanbul,TUR
FK Shakhtor Soligorsk,BLR
BSC Young Boys Bern,SUI
SK Slavia Praha,CZE
PFK CSKA Moskva,RUS
AIK,SWE
APOEL FC Lefkosía,CYP
Club Brugge KV,BEL
AEK FC Athina,GRC
FK Spartak Moskva,RUS
TSG 1899 Hoffenheim,GER
Qarabağ Ağdam FK,AZE
SK Rapid Wien,AUT
Villarreal CF,ESP
Galatasaray SK İstanbul,TUR
KAA Gent,BEL
FK Lokomotiv Moskva,RUS
R Standard de Liège,BEL
FC Sheriff Tiraspol,MDA
Vidi FC,HUN
Maccabi Tel Aviv FC,ISR
FK Partizan Beograd,SRB
Getafe CF,ESP
LOSC Lille,FRA
IFK Norrköping,SWE
FC Viktoria Plzeň,CZE
FD Žalgiris Vilnius,LTU
FK Sūduva Marijampolė,LTU
Borussia Mönchengladbach,GER
FC Midtjylland,DNK
FK Vitebsk,BLR
Fiorentina,ITA
LASK Linz,AUT
FC Spartak Trnava,SVK
SK Brann,NOR
Dundalk FC,IRL
FC Dynamo Brest,BLR
HJK Helsinki,FIN
Wolverhampton Wanderers,ENG
FK Radnički Niš,SRB
Feyenoord,NED
FC Zürich,SUI
FK Tobol Kostonai,KAZ
FK Haugesund,NOR
Watford,ENG
Olympique de Marseille,FRA
SV Werder Bremen,GER
İstanbul Başakşehir FK,TUR
RCD Espanyol,ESP
AZ Alkmaar,NED
Burnley,ENG
FK Jablonec,CZE
Fenerbahçe SK İstanbul,TUR
KF Valur Reykjavík,ISL
FK Torpedo Zhodino,BLR
BK Häcken,SWE
Real Sociedad,ESP
NK Osijek,CRO
VfL Wolfsburg,GER
NK Olimpija Ljubljana,SVN
Hammarby IF,SWE
FC Torpedo Kutaisi,GEO
Rīga FC,LVA
Torino,ITA
'FK Zorya Lugans''k',UKR
Hertha BSC,GER
Deportivo Alavés,ESP
FC Basel,SUI
RSC Anderlecht,BEL
PFK CSKA Sofia,BGR
FK Vorskla Poltava,UKR
Sampdoria,ITA
ŠK Slovan Bratislava,SVK
CD Leganés,ESP
Girona FC,ESP
NK Maribor 1960,SVN
Aberdeen FC,SCO
F91 Diddeleng,LUX
PAE Atromitos Athina,GRC
Vitória Guimarães,PRT
K Sint-Truidense VV,BEL
HNK Rijeka,CRO
Hibernian FC Edinburgh,SCO
AS Saint-Étienne,FRA
Everton,ENG
West Ham United,ENG
'FK Rubin Kazan''',RUS
SD Eibar,ESP
AEL Lemesós,CYP
FCSB,ROM
Djurgårdens IF,SWE
Moreirense FC,PRT
FK Ventspils,LVA
Levante UD,ESP
Athletic Club de Bilbao,ESP
FC CFR 1907 Cluj,ROM
FK Rostov-na-Donu,RUS
HB Tórshavn,FRO
Vålerenga IF Fotball,NOR
Sassuolo,ITA
Strømsgodset IF,NOR
RC Strasbourg Alsace,FRA
Stade de Reims,FRA
Real Valladolid CF,ESP
Montpellier HSC,FRA
OGC Nice,FRA
SBV Vitesse,NED
Bournemouth,ENG
Brøndby IF,DNK
Östersunds FK,SWE
FK Orenburg,RUS
FK Ural Yekaterinburg,RUS
Leicester City,ENG
UMF Stjarnan Garðabær,ISL
Cork City FC,IRL
Legia Warszawa SA,POL
Kristiansund BK,NOR
Crystal Palace,ENG
SKN St. Pölten,AUT
FC Nordsjælland,DNK
Yeni Malatya SK,TUR
Ranheim IL,NOR
HNK Hajduk Split,CRO
FK Atyrau,KAZ
Fortuna Düsseldorf,GER
Lillestrøm SK,NOR
1. FSV Mainz 05,GER
Royal Antwerp FC,BEL
Heart of Midlothian FC,SCO
Trabzonspor K,TUR
KV Kortrijk,BEL
KFK AK Ordabasy Shymkent,KAZ
FC Nantes,FRA
FC Anorthosis Famagusta,CYP
Rio Ave FC,PRT
U Breiðablik Kópavogur,ISL
Odd BK,NOR
PFK Arsenal Tula,RUS
FK Austria Wien,AUT
FC Kaysar Kyzylorda,KAZ
Nîmes Olympique,FRA
Kilmarnock FC,SCO
B36 Tórshavn,FRO
Parma,ITA
Brighton & Hove Albion,ENG
AS Monaco,FRA
FK AS Trenčín,SVK
JK Nõmme Kalju,EST
FK Ufa,RUS
GIF Sundsvall,SWE
FK Akhmat Grozny,RUS
SFK Slutsk,BLR
FC Stumbras Kaunas,LTU
FK Trakų,LTU
RC Celta,ESP
FK Neman Grodno,BLR
FK Oleksandriya,UKR
FK Irtysh Pavlodar,KAZ
Toulouse Football Club,FRA
FC Augsburg,GER
Willem II Tilburg,NED
FK Spartaks Jūrmala,LVA
Akhisar Belediyespor GSK,TUR
Neftçhi PFK Bakı,AZE
IK Start,NOR
AC Sparta Praha,CZE
Kasımpaşa SK,TUR
NK Lokomotiva Zagreb,CRO
FC Milsami Orhei,MDA
KV Oostende,BEL
Rayo Vallecano,ESP
FK Shakhter Karagandy,KAZ
RC Sporting de Charleroi,BEL
FK Aktobe,KAZ
'FK Slaviya-Mozyr''',BLR
Tromsø IL,NOR
FK Bodø 1916 Glimt,NOR
Angers SCO,FRA
FC DAC Dunajská Streda,SVK
'FK Isloch'' Minsk',BLR
SC Freiburg,GER
FH Hafnarfjörður,ISL
FK Čukarički Beograd,SRB
Genoa,ITA
'FK Mariupol''',UKR
Dijon FCO,FRA
TSV Hartberg Fussball,AUT
Wolfsberger AC,AUT
FC Dinamo Tbilisi,GEO
Newcastle United,ENG
Zhetysu FK Taldykorgan,KAZ
KAS Eupen,BEL
CD Aves,PRT
CS Petrocub Hinceşti,MDA
FCI Levadia Tallinn,EST
FK Napredak Kruševac,SRB
FK Mladost Lučani,SRB
Nea Salamina Famagusta,CYP
CS Universitatea Craiova,ROM
Os Belenenses,PRT
SSA Jagiellonia Białystok,POL
'Hapoel Be''er Sheva FC',ISR
FK Dynamo Moskva,RUS
FC Saburtalo Tbilisi,GEO
SK Sigma Olomouc,CZE
Fortuna Sittard,NED
Cardiff City FC,WAL
FK Rīgas Futbola skola,LVA
Cagliari,ITA
FC Baník Ostrava,CZE
FK Gorodeya,BLR
Esbjerg fB,DNK
FC Flora Tallinn,EST
Göztepe SK İzmir,TUR
Stade Malherbe Caen,FRA
KF Shkëndija Tetovë,MKD
'FK L''viv (II)',UKR
AntalyaSpor K,TUR
Konyaspor,TUR
Panathinaikos AO Athina,GRC
St. Johnstone FC,SCO
AaB,DNK
FC Utrecht,NED
KS Lechia Gdansk,POL
CD Tondela,PRT
Southampton,ENG
FK Spartak Zlatibor voda Subotica,SRB
Portimonense SC,PRT
Asteras Tripolis FC,GRC
FC Viitorul Constanţa,ROM
MŠK Žilina FK 1908,SVK
FC Thun,SUI
PFK Levski Sofia,BGR
KuPS Kuopio,FIN
SPAL,ITA
AS Omonia Lefkosía,CYP
OB Odense,DNK
HSK Zrinjski Mostar,BIH
Royal Excel Mouscron,BEL
Shamrock Rovers FC,IRL
FK Liepāja,LVA
Boavista FC,PRT
FK Chikhura Sachkhere,GEO
SC Heerenveen,NED
Örebro SK,SWE
RoPS Rovaniemi,FIN
FK Okzhetpes Kokshetau,KAZ
FK Vojvodina Novi Sad,SRB
FK Radnik Surdulica,SRB
KV Mechelen,BEL
Xanthi FC,GRC
Heracles Almelo,NED
VVV Venlo,NED
Panionios GS Smyrnis,GRC
FC Bnei Yehuda Tel Aviv FC,ISR
SK Sturm Graz,AUT
FK Belshina Bobruisk,BLR
Kalmar FF,SWE
'FK Kryl''ya Sovetov Samara',RUS
KKS Lech Poznań,POL
Aris FC Thessaloniki,GRC
Qǝbǝlǝ FK,AZE
Minsk FK,BLR
FC Honka Espoo,FIN
Vitória de Setúbal,PRT
Maccabi Netanya FC,ISR
SD Huesca,ESP
Bologna,ITA
FK Sarajevo,BIH
FK Desna Chernigiv,UKR
PAE PAS Lamia 1964,GRC
SV Zulte-Waregem,BEL
FK Energetik BGU Minsk,BLR
KÍ Klaksvík,FRO
FK Kyzyl-Zhar Petropavlovsk,KAZ
'Hapoel Hadera-Giv''at Olga FC',ISR
Ferencvárosi TC,HUN
FC 1879 St. Gallen,SUI
NK Domžale,SVN
Alanya Spor K,TUR
Kayserispor K,TUR
Mjøndalen IF,NOR
NSÍ Runavík,FRO
PEC Zwolle,NED
Santa Clara,PRT
The New Saints FC,WAL
Valletta FC,MAL
FK Botev Plovdiv,BGR
FC Progrès Niedercorn,LUX
AC Horsens,DNK
FC Pyunik Yerevan,ARM
FC Zimbru Chişinău,MDA
FC Slovan Liberec,CZE
FK Kukësi,ALB
Viking FK Stavanger,NOR
'FK Gomel''',BLR
Amiens SC,FRA
FC Inter Turku,FIN
Helsingborgs IF,SWE
Sivasspor,TUR
FK Taraz,KAZ
AGF Aarhus,DNK
IFK Göteborg,SWE
Randers FC,DNK
Maccabi Haifa FC,ISR
NK Inter Zaprešić,CRO
FK Anzhi Makhachkala,RUS
CSF Speranţa Nisporeni,MDA
Panaitolikos GFS Agrinio,GRC
Waterford United FC,IRL
CD Feirense,PRT
Stabæk IF Fotball,NOR
FC Astra Giurgiu,ROM
NK Aluminij Kidričevo,SVN
FK Kyran Shymkent,KAZ
FC Luzern,SUI
IF Elfsborg,SWE
IK Sirius FK,SWE
'FK Karpaty L''viv',UKR
Udinese,ITA
Hapoel Haifa FC,ISR
GD Chaves,PRT
Budapest Honvéd FC,HUN
PFK Beroe Stara Zagora,BGR
FK Teplice,CZE
FK Kauno Žalgiris,LTU
HNK Gorica,CRO
NK Slaven Koprivnica,CRO
FC Zlín,CZE
PFK Cherno More Varna,BGR
Motherwell FC,SCO
ADO Den Haag,NED
FC Emmen ,NED
KR Reykjavík,ISL
FK Akzhaiyk Oral,KAZ
ACS Sepsi OSK,ROM
PFK Etar 1924 Veliko Tarnovo,BGR
Empoli,ITA
Sǝbail FK,AZE
Balzan FC,MAL
Cercle Brugge KSV,BEL
FC Ilves Tampere,FIN
Enosis Neon Paralimni,CYP
Vendsyssel FF,DNK
Bohemians FC Dublin,IRL
FK Torpedo Minsk,BLR
FK Smolevichi,BLR
FC Dila Gori,GEO
Gżira FC United,MAL
AEL Larisa 1964,GRC
PAS Giannina,GRC
PFK Slavia Sofia,BGR
FC Nitra,SVK
MFK Zemplín Michalovce,SVK
Livingston FC,SCO
Derry City FC,IRL
'FK Olimpik Donets''k',UKR
Dainava DFK Alytus,LTU
FC Sion,SUI
Maccabi Petah Tikva FC,ISR
Alashkert FC,ARM
Hibernians FC Paola,MAL
Falkenbergs FF,SWE
FC Wacker Innsbruck,AUT
Clube Sport Marítimo,PRT
CD Nacional,PRT
Bursaspor K,TUR
FC Groningen,NED
Doxa Katokopias,CYP
Lincoln Red Imps FC,GIB
FK Partizani Tiranë,ALB
SønderjyskE,DNK
1. FC Nürnberg,GER
FK Proleter Novi Sad,SRB
Hannover 96,GER
FC Hermannstadt,ROM
NŠ Mura,SVN
JK Narva Trans,EST
IF Brommapojkarna,SWE
SP La Fiorita,SMR
Fulham,ENG
FC Prishtina,KOS
Ålesunds FK,NOR
Pafos FC,CYP
FC Lugano,SUI
Frosinone,ITA
En Avant de Guingamp,FRA
FK Sfântul Gheorghe Suruceni,MDA
'Connah''s Quay FC',WAL
PFK Lokomotiv Plovdiv,BGR
ŠKF Sereď,SVK
Sabah FK,AZE
Çaykur Rizespor K,TUR
FK Mačva Šabac,SRB
SV Mattersburg,AUT
SBV Excelsior,NED
Bohemians 1905 Praha,CZE
VfB Stuttgart,GER
Hapoel Ironi Kiryat Shmona FC,ISR
BFC Daugavpils,LVA
SFC Opava,CZE
1. FC Slovácko,CZE
'St. Patrick''s Athletic FC',IRL
CSM Politehnica Iaşi,ROM
FK Luch Minsk,BLR
MFK Ružomberok,SVK
FK Altay Semey,KAZ
OFI Kriti,GRC
Sandefjord Fotball,NOR
Dalkurd FF,SWE
Tre Fiori FC,SMR
Sumqayıt FK,AZE
FK Dinamo-Auto Tiraspol,MDA
Víkingur Gøtu,FRO
Újpest FC,HUN
FK Lida,BLR
UCD Dublin AFC,IRL
R Union Saint-Gilloise,BEL
NK Široki Brijeg,BIH
Europa FC,GIB
Vejle BK,DNK
FK Banga Gargždai 1966,LTU
SC Rheindorf Altach,AUT
ÍB Vestmannæyjar,ISL
FC Codru Lozova,MDA
KV RS Waasland - SK Beveren,BEL
MKS Korona Kielce,POL
Beitar Jerusalem FC,ISR
Barry Town United AFC,WAL
CS Gaz Metan Mediaş,ROM
Sporting Lokeren OV,BEL
Hapoel Tel Aviv FC,ISR
KF Laçi,ALB
AFC Eskilstuna,SWE
MKE Ankaragücü SK,TUR
Crusaders Belfast FC,NIR
FK Yenisey Krasnoyarsk,RUS
Debreceni VSC,HUN
FC Lahti,FIN
KA Akureyri,ISL
De Graafschap,NED
Birkirkara FC,MAL
FK Makhtaaral,KAZ
KF Víkingur Reykjavík,ISL
Linfield Belfast FC,NIR
FC Dinamo Bucureşti,ROM
Paide Linnameeskond,EST
FK Zirǝ Bakı,AZE
KS Górnik Zabrze,POL
CS Fola Esch,LUX
FK Akademija Pandev Strumica,MKD
FK Željezničar Sarajevo,BIH
MFK Karviná,CZE
FK Sutjeska Nikšić,MNE
FC Zaria Bălţi,MDA
NK Rudar Velenje,SVN
ÍA Akranes,ISL
Hamburger SV,GER
JK Tammeka Tartu 1989,EST
VPS Vaasa,FIN
Hobro IK,DNK
'St. Joseph''s FC',GIB
KF Teuta Durrës,ALB
Hamrun Spartans FC,MAL
ND Gorica,SVN
Gliwicki KS Piast,POL
MKS Pogoń Szczecin,POL
1. FK Příbram,CZE
FC Banants Yerevan,ARM
FK Panevėžys,LTU
AS La Jeunesse Esch,LUX
AFC Dunârea Câlâraşi,ROM
KF Feronikeli,KOS
NK Celje,SVN
MKS Miedź Legnica,POL
1. FC Heidenheim 1846,GER
KS Cracovia,POL
Ballymena United FC,NIR
Coleraine FC,NIR
BB Erzurumspor,TUR
UMF Grindavík,ISL
'Lokomotiv Gomel''',BLR
Bnei Sakhnin FC,ISR
'Hapoel Ra''anana AFC',ISR
FK Nevėžis Kėdainiai,LTU
Sogndal Fotball,NOR
MZKS Arka Gdynia,POL
FC Botoşani,ROM
NK 1961 Istra Pula,CRO
Keşlǝ FK,AZE
FK Senica,SVK
FK Vardar Skopje,MKD
Ermis Aradippou FC,CYP
FK Rabotnički Skopje,MKD
Wisła Kraków SA,POL
Glenavon Lurgan FC,NIR
FC Santa Coloma,AND
Maardu Linnameeskond,EST
SK Super Nova,LVA
Örgryte IS,SWE
CPY Bala Town,WAL
TB Tvøroyri > TB FCS Royn,FRO
FK Mladá Bodeslav,CZE
FC Floreşti,MDA
MTK Hungária FC,HUN
Paksi FC,HUN
Seinäjoen JK,FIN
FK Ararat Armenia,ARM
SS Folgore Falciano,SMR
'FK Chornomorets'' Odesa',UKR
ÍF Fylkir Reykjavík,ISL
Sligo Rovers FC,IRL
Ullensaker / Kisa IL,NOR
CPD Tref Caernarfon,WAL
SC Paderborn 07,GER
Alki Oroklini,CYP
Lori FC Vanadzor,ARM
Mezőkövesd Zsóry SE,HUN
FC Gagra (Tbilisi),GEO
Zagłębie Lubin SA,POL
KF Skënderbeu Korçë,ALB
Sliema Wanderers FC,MAL
FK Zemun,SRB
ÍF Fuglafjørður,FRO
FC Lokomotive Tbilisi,GEO
FK Železiarne Podbrezová,SVK
Mons Calpe SC,GIB
Gibraltar Phoenix FC,GIB
Neuchâtel Xamax FCS,SUI
Puskás AFC,HUN
FC Ashdod,ISR
Skála ÍF,FRO
NAC Breda,NED
FK Vitosha Bistritsa,BGR
Gandzasar FC,ARM
FK Voždovac Beograd,SRB
Finn Harps FC,IRL
POFK Botev Vratsa,BGR
FK Makedonija GP Skopje,MKD
HIFK Helsinki,FIN
FK Budućnost Podgorica,MNE
FK Dukla Praha,CZE
WKS Śląsk Wrocław,POL
Ekenäs IF,FIN
UMF Víkingur Ólafsvík,ISL
Halmstads BK,SWE
FK Ekibastuz,KAZ
FC Rustavi Metallurgist,GEO
FK Septemvri Sofia,BGR
FK Sloboda Tuzla,BIH
FK Bačka Palanka,SRB
'FC Déifferdeng ''03',LUX
Chievo Verona,ITA
Huddersfield Town,ENG
UE St. Julià,AND
Várda SE,HUN
IFK Mariehamn,FIN
KF Drita Gjilan,KOS
ÍF Þór Akureyri,ISL
FC Victoria Bardar,MDA
ZKS Wisła Płock,POL
FS Metta / LU Rīga,LVA
FC Met Caerdydd,WAL
'FC Twente ''65',NED
NK Krško,SVN
Shelbourne FC,IRL
FK Dnepr Mogilev,BLR
KS Flamurtari Vlorë,ALB
Limerick FC,IRL
Hamilton Academical FC,SCO
FK Palanga,LTU
FC Vaduz,LIE
FC Grănicerul Glodeni,MDA
Racing FC Union Lëtzebuerg,LUX
PS Tre Penne,SMR
UMF Fjölnir Reykjavík,ISL
UE Engordany,AND
HK Kópavogs,ISL
FK Atlantas Klaipėda,LTU
FC WIT Georgia Tbilisi,GEO
FC Dinamo Batumi,GEO
FK Pobeda Prilep,MKD
FK Belasica GC Strumica,MKD
SC Dnipro-1,UKR
KF Tiranë,ALB
KPV Kokkola,FIN
Gibraltar United FC,GIB
OFK Petrovac,MNE
OFK Titograd,MNE
PAE Levadeiakos,GRC
FC Metz,FRA
Drogheda United FC,IRL
KS Luftëtari Gjirokastër,ALB
Grasshopper Club Zürich,SUI
Trelleborgs FF,SWE
FC Sîngerei,MDA
Newtown AFC,WAL
FK Tukums,LVA
FK Rad Beograd,SRB
Tarxien Rainbows FC,MAL
FK Zeta Golubovic,MNE
FC Fiorentino,SMR
FC Džiugas Telšių,LTU
AC Libertas,SMR
FK Naftan Novopolotsk,BLR
GS Apollon Smyrni Athina,GRC
Longford Town FC,IRL
St. Mirren FC,SCO
FC UNA Strassen,LUX
Bristol City,ENG
Argja Bóltfelag,FRO
Dundee United FC,SCO
FC Elva,EST
FC Admira Wacker Mödling,AUT
Pakruojis FC,LTU
FK Dunav Ruse,BGR
FC Vytis Vilnius,LTU
'CM Inter d''Escaldes',AND
Cliftonville Belfast F&AC,NIR
FC Voluntari,ROM
'KF Trepça ''89 Mitrovicë',KOS
EB/Streymur,FRO
FC Etzella Ettelbruck,LUX
US Mondorf,LUX
KF Llapi Podujevë,KOS
NK Triglav Kranj,SVN
TPS Turku,FIN
FC Shkupi Skopje,MKD
Derby County,ENG
FK Mladost Doboj Kakanj,BIH
CPD Tref Aberystwyth,WAL
FK Radnik Bijeljina,BIH
KF Ballkani Suharekë,KOS
Diósgyöri VTK,HUN
KFCO Beerschot Wilrijk,BEL
Sileks FC Kratovo,MKD
B68 Toftir,FRO
Dundee FC,SCO
FK Jelgava,LVA
Ümraniye SK,TUR
Mosta FC,MAL
'FK Zvijezda ''09',BIH
IK Brage,SWE
IL Nest-Sotra,NOR
Norwich City,ENG
FC Jonava,LTU
West Bromwich Albion,ENG
FC Shirak Gyumri,ARM
FC ViOn Zlaté Moravce,SVK
FK Sioni Bolnisi,GEO
'FK Ingulets'' Petrove',UKR
SS Murata RSM,SMR
Cefn Druids AFC,WAL
CPD Tref Caerfyrddin,WAL
FC Domagnano,SMR
KF Gjilani,KOS
JK Tallina Kalev,EST
FC Victoria Rosport,LUX
Leeds United,ENG
FC Kakheti Telavi > FC Telavi,GEO
Middlesbrough,ENG
FC Kamza,ALB
FC Saxan Gagauz Yeri,MDA
CS Concordia Chiajna,ROM
Pennarossa Calcio,SMR
Union Titus Pétange,LUX
NK GOŠK Gabela ,BIH
FC Haka Valkeakoski,FIN
PS Kemi,FIN
FC Samtredia,GEO
Tromsdalen UIL,NOR
AC Juvenes - Dogana,SMR
NK Čelik Zenica,BIH
Hamarkameratene,NOR
Ross County FC,SCO
Newport County AFC,WAL
FK Tambov,RUS
FC Lusitanos,AND
FK Lovćen 1913 Cetinje,MNE
Næstved Boldklub,DNK
Warrenpoint Town FC,NIR
AC Oulu,FIN
Rēzeknes FA,LVA
Partick Thistle FC,SCO
JK Tulevik Viljandi,EST
1. FC Köln,GER
OFK Grbalj Radanovići,MNE
FK Tuzla City,BIH
Dungannon Swifts FC,NIR
Sheffield United,ENG
St. Andrews FC,MAL
Floriana FC,MAL
Degerfors IF,SWE
FC Cahul-2005,MDA
RKS Raków Częstochowa,POL
KF Renova Džepčište,MKD
SC Wiener Neustadt 08,AUT
Grazer AK,AUT
Artsakh FC,ARM
Aris Lemesós,CYP
FK Utenis Utena,LTU
KF Flamurtari Prishtinë,KOS
1. FC Union Berlin,GER
Glacis United FC,GIB
UE Santa Coloma,AND
07 Vestur Sorvágur,FRO
FK Avangard Kursk,RUS
FK Krupa na Vrbasu,BIH
